Bolum;;;;
Bankacılık ve Finans;;;;
Bankacılık ve Sigortacılık;;;;
Beslenme ve Diyetetik;;;;
Bilgisayar Mühendisliği;;;;
Bilgisayar Programcılığı;;;;
Bilgisayar Teknolojileri;;;;
Bilgisayar Teknolojisi ve Bilişim Sistemleri;;;;
Bilgisayar ve Öğretim Teknolojileri Öğretmenliği;;;;
Biyomedikal Mühendisliği;;;;
Biyoloji;;;;
Coğrafya;;;;
Çevre Mühendisliği;;;;
Dış Ticaret;;;;
Diğer;;;;
Diş Hekimliği;;;;
Eczacılık;;;;
Edebiyat;;;;
Ekonomi;;;;
Ekonomi ve Finans;;;;
Elektrik Elektronik Mühendisliği;;;;
Elektronik ve Haberleşme Mühendisliği;;;;
Endüstri Mühendisliği;;;;
Endüstri Sistemleri Mühendisliği;;;;
Enerji Sistemleri Mühendisliği;;;;
Enformasyon Teknolojileri;;;;
Ergoterapi;;;;
Felsefe;;;;
Finans Yönetimi ve Pazarlama;;;;
Fizik;;;;
Fizik Tedavi ve Rehabilitasyon;;;;
Gastronomi ve Mutfak Sanatları;;;;
Gazetecilik;;;;
Genetik ve Biyomühendislik;;;;
Gemi Makineleri İşletme Mühendisliği;;;;
Geomatik Mühendisliği;;;;
Grafik;;;;
Görsel İletişim Tasarımı;;;;
Halkla İlişkiler;;;;
Halkla İlişkiler ve Reklamcılık;;;;
Halkla İlişkiler ve Tanıtım;;;;
Harita Kadastro;;;;
Hemşirelik ve Sağlık Hizmetleri;;;;
Hukuk;;;;
İç Mimarlık ve Çevre Tasarımı;;;;
İktisat;;;;
İktisadi ve İdari Bilimler Programları;;;;
İlahiyat;;;;
İngiliz Dili ve Edebiyatı;;;;
İnşaat Mühendisliği;;;;
İnşaat Teknolojileri;;;;
İş Sağlığı ve Güvenliği;;;;
İşletme;;;;
İşletme Bilgi Yönetimi;;;;
İşletme Enformatiği;;;;
İşletme Mühendisligi;;;;
Kentsel Tasarım ve Peyzaj Mimarlığı;;;;
Kimya;;;;
Kimya ve Biyoloji Mühendisliği;;;;
Kontrol ve Otomasyon Mühendisliği;;;;
Lojistik Yönetimi;;;;
Makine Mühendisliği;;;;
Maliye;;;;
Malzeme Bilimi ve Mühendisliği;;;;
Malzeme Bilimi ve Nanoteknoloji Mühendisliği;;;;
Matematik;;;;
Matematik Bilgisayar;;;;
Matematik Mühendisliği;;;;
Medya ve İletişim;;;;
Mekatronik Mühendisliği;;;;
Mimarlık;;;;
Moleküler Biyoloji ve Genetik;;;;
Muhasebe Bilgi Sistemleri;;;;
Muhasebe ve Finans Yönetimi;;;;
Mühendislik ve Doğa Bilimleri;;;;
Mütercim Tercümanlık;;;;
Okul Öncesi Öğretmenliği;;;;
Optisyenlik;;;;
Otomotiv Teknolojileri;;;;
Peyzaj Mimarlığı;;;;
Psikoloji;;;;
Radyo, Televizyon ve Sinema;;;;
Rehberlik ve Psikolojik Danışmanlık;;;;
Sağlık Kurumları Yönetimi;;;;
Sağlık Yönetimi;;;;
Sanat Sosyal;;;;
Sahne ve Gösteri Sanatları Yönetimi;;;;
Seyahat İşletmeciliği;;;;
Sınıf Öğretmenliği;;;;
Sivil Hava Ulaştırma İşletmeciliği;;;;
Siyaset Bilimi ve Kamu Yönetimi;;;;
Siyaset Bilimi ve Uluslararası İlişkiler;;;;
Sosyal Hizmet;;;;
Spor Yönetimi;;;;
Tarih;;;;
Televizyon Haberciliği ve Programcılığı;;;;
Tıbbi Dokümantasyon ve Sekreterlik;;;;
Tıp;;;;
Turizm ve Otel İşletmeciliği;;;;
Türk Dili ve Edebiyatı;;;;
Uçak Mühendisliği;;;;
Uluslararası Ekonomi;;;;
Uluslararası İşletme Yönetimi;;;;
Uluslararası Girişimcilik;;;;
Uluslararası Lojistik ve Taşımacılık;;;;
Uluslararası Ticaret;;;;
Uluslararası Ticaret ve Finansman;;;;
Uluslararası Ticaret ve İşletmecilik;;;;
Üretim Sistemleri Mühendisliği;;;;
Yazılım Mühendisliği;;;;
Yönetim Bilişim Sistemleri;;;;
Yönetim Bilimleri;;;;
