ilçe;il
şakirpaşa havalimanı;adana
çukurova;adana
sarıçam;adana
imamoğlu;adana
aladağ;adana
yüreğir;adana
yumurtalık;adana
tufanbeyli;adana
saimbeyli;adana
pozantı;adana
kozan;adana
karataş;adana
karaisalı;adana
feke;adana
ceyhan;adana
seyhan;adana
adıyaman havalimanı;adıyaman
tut;adıyaman
sincik;adıyaman
samsat;adıyaman
kahta;adıyaman
gölbaşı;adıyaman
gerger;adıyaman
çelikhan;adıyaman
besni;adıyaman
merkez;adıyaman
afyon havalimanı;afyonkarahisar
kızılören;afyonkarahisar
hocalar;afyonkarahisar
evciler;afyonkarahisar
çobanlar;afyonkarahisar
iscehisar;afyonkarahisar
bayat;afyonkarahisar
başmakçı;afyonkarahisar
şuhut;afyonkarahisar
sultandağı;afyonkarahisar
sinanpaşa;afyonkarahisar
sandıklı;afyonkarahisar
ihsaniye;afyonkarahisar
emirdağ;afyonkarahisar
dinar;afyonkarahisar
dazkırı;afyonkarahisar
çay;afyonkarahisar
bolvadin;afyonkarahisar
merkez;afyonkarahisar
ağrı ahmed-i hani havalimanı;ağrı
tutak;ağrı
taşlıçay;ağrı
patnos;ağrı
hamur;ağrı
eleşkirt;ağrı
doğubayazıt;ağrı
diyadin;ağrı
merkez;ağrı
amasya merzifon havalimanı;amasya
hamamözü;amasya
taşova;amasya
suluova;amasya
merzifon;amasya
gümüşhacıköy;amasya
göynücek;amasya
merkez;amasya
ankara esenboğa havalimanı;ankara
pursaklar;ankara
evren;ankara
etimesgut;ankara
akyurt;ankara
kahramankazan;ankara
sincan;ankara
mamak;ankara
keçiören;ankara
gölbaşı;ankara
yenimahalle;ankara
şereflikoçhisar;ankara
polatlı;ankara
nallıhan;ankara
kızılcahamam;ankara
kalecik;ankara
haymana;ankara
güdül;ankara
elmadağ;ankara
çubuk;ankara
çankaya;ankara
çamlıdere;ankara
beypazarı;ankara
bala;ankara
ayaş;ankara
altındağ;ankara
gazipaşa havalimanı;antalya
antalya havalimanı;antalya
muratpaşa;antalya
konyaaltı;antalya
kepez;antalya
döşemealtı;antalya
aksu;antalya
kemer;antalya
ibradı;antalya
demre;antalya
serik;antalya
manavgat;antalya
kumluca;antalya
korkuteli;antalya
kaş;antalya
gündoğmuş;antalya
gazipaşa;antalya
finike;antalya
elmalı;antalya
merkez;antalya
alanya;antalya
akseki;antalya
kemalpaşa;artvin
murgul;artvin
yusufeli;artvin
şavşat;artvin
hopa;artvin
borçka;artvin
merkez;artvin
arhavi;artvin
ardanuç;artvin
efeler;aydın
didim;aydın
köşk;aydın
karpuzlu;aydın
incirliova;aydın
buharkent;aydın
yenipazar;aydın
sultanhisar;aydın
söke;aydın
nazilli;aydın
kuyucak;aydın
kuşadası;aydın
koçarlı;aydın
karacasu;aydın
germencik;aydın
çine;aydın
bozdoğan;aydın
merkez;aydın
balıkesir merkez havalimanı;balıkesir
balıkesir koca seyit havalimanı;balıkesir
karesi;balıkesir
altıeylül;balıkesir
gömeç;balıkesir
marmara;balıkesir
susurluk;balıkesir
sındırgı;balıkesir
savaştepe;balıkesir
manyas;balıkesir
kepsut;balıkesir
ivrindi;balıkesir
havran;balıkesir
gönen;balıkesir
erdek;balıkesir
edremit;balıkesir
dursunbey;balıkesir
burhaniye;balıkesir
bigadiç;balıkesir
bandırma;balıkesir
balya;balıkesir
merkez;balıkesir
ayvalık;balıkesir
inhisar;bilecik
yenipazar;bilecik
söğüt;bilecik
pazaryeri;bilecik
osmaneli;bilecik
gölpazarı;bilecik
bozüyük;bilecik
merkez;bilecik
bingöl havalimanı;bingöl
yedisu;bingöl
yayladere;bingöl
adaklı;bingöl
solhan;bingöl
kiğı;bingöl
karlıova;bingöl
genç;bingöl
merkez;bingöl
güroymak;bitlis
tatvan;bitlis
mutki;bitlis
hizan;bitlis
merkez;bitlis
ahlat;bitlis
adilcevaz;bitlis
yeniçağa;bolu
dörtdivan;bolu
seben;bolu
mudurnu;bolu
mengen;bolu
kıbrıscık;bolu
göynük;bolu
gerede;bolu
merkez;bolu
çeltikçi;burdur
çavdır;burdur
altınyayla;burdur
kemer;burdur
karamanlı;burdur
yeşilova;burdur
tefenni;burdur
gölhisar;burdur
merkez;burdur
bucak;burdur
ağlasun;burdur
bursa yenişehir havalimanı;bursa
kestel;bursa
gürsu;bursa
yıldırım;bursa
osmangazi;bursa
nilüfer;bursa
harmancık;bursa
büyükorhan;bursa
yenişehir;bursa
orhangazi;bursa
orhaneli;bursa
mustafakemalpaşa;bursa
mudanya;bursa
keles;bursa
karacabey;bursa
iznik;bursa
inegöl;bursa
gemlik;bursa
çanakkale havalimanı;çanakkale
gökçeada havalimanı;çanakkale
yenice;çanakkale
lapseki;çanakkale
gökçeada;çanakkale
gelibolu;çanakkale
ezine;çanakkale
eceabat;çanakkale
merkez;çanakkale
çan;çanakkale
bozcaada;çanakkale
biga;çanakkale
bayramiç;çanakkale
ayvacık;çanakkale
korgun;çankırı
bayramören;çankırı
kızılırmak;çankırı
atkaracalar;çankırı
yapraklı;çankırı
şabanözü;çankırı
orta;çankırı
kurşunlu;çankırı
ılgaz;çankırı
eldivan;çankırı
çerkeş;çankırı
merkez;çankırı
oğuzlar;çorum
laçin;çorum
dodurga;çorum
uğurludağ;çorum
boğazkale;çorum
sungurlu;çorum
osmancık;çorum
ortaköy;çorum
mecitözü;çorum
kargı;çorum
iskilip;çorum
merkez;çorum
bayat;çorum
alaca;çorum
denizli çardak havalimanı;denizli
merkezefendi;denizli
bozkurt;denizli
beyağaç;denizli
baklan;denizli
pamukkale;denizli
serinhisar;denizli
honaz;denizli
bekilli;denizli
babadağ;denizli
tavas;denizli
sarayköy;denizli
kale;denizli
güney;denizli
merkez;denizli
çivril;denizli
çardak;denizli
çameli;denizli
çal;denizli
buldan;denizli
acıpayam;denizli
diyarbakır havalimanı;diyarbakır
yenişehir;diyarbakır
sur;diyarbakır
kayapınar;diyarbakır
bağlar;diyarbakır
kocaköy;diyarbakır
eğil;diyarbakır
silvan;diyarbakır
lice;diyarbakır
kulp;diyarbakır
hazro;diyarbakır
hani;diyarbakır
ergani;diyarbakır
merkez;diyarbakır
dicle;diyarbakır
çüngüş;diyarbakır
çınar;diyarbakır
çermik;diyarbakır
bismil;diyarbakır
süloğlu;edirne
uzunköprü;edirne
meriç;edirne
lalapaşa;edirne
keşan;edirne
ipsala;edirne
havsa;edirne
enez;edirne
merkez;edirne
elazığ havalimanı;elazığ
alacakaya;elazığ
kovancılar;elazığ
arıcak;elazığ
sivrice;elazığ
palu;elazığ
maden;elazığ
keban;elazığ
karakoçan;elazığ
merkez;elazığ
baskil;elazığ
ağın;elazığ
erzincan havalimanı;erzincan
otlukbeli;erzincan
üzümlü;erzincan
tercan;erzincan
refahiye;erzincan
kemaliye;erzincan
kemah;erzincan
iliç;erzincan
merkez;erzincan
çayırlı;erzincan
erzurum havalimanı;erzurum
yakutiye;erzurum
palandöken;erzurum
köprüköy;erzurum
aziziye;erzurum
pazaryolu;erzurum
uzundere;erzurum
karaçoban;erzurum
tortum;erzurum
tekman;erzurum
şenkaya;erzurum
pasinler;erzurum
olur;erzurum
oltu;erzurum
narman;erzurum
karayazı;erzurum
ispir;erzurum
horasan;erzurum
hınıs;erzurum
merkez;erzurum
çat;erzurum
aşkale;erzurum
eskişehir anadolu havalimanı;eskişehir
tepebaşı;eskişehir
odunpazarı;eskişehir
mihalgazi;eskişehir
han;eskişehir
günyüzü;eskişehir
inönü;eskişehir
beylikova;eskişehir
alpu;eskişehir
sivrihisar;eskişehir
seyitgazi;eskişehir
sarıcakaya;eskişehir
mihalıççık;eskişehir
mahmudiye;eskişehir
merkez;eskişehir
çifteler;eskişehir
gaziantep havalimanı;gaziantep
merkez;gaziantep
nurdağı;gaziantep
karkamış;gaziantep
şehitkamil;gaziantep
şahinbey;gaziantep
yavuzeli;gaziantep
oğuzeli;gaziantep
nizip;gaziantep
islahiye;gaziantep
araban;gaziantep
güce;giresun
doğankent;giresun
çanakçı;giresun
çamoluk;giresun
yağlıdere;giresun
piraziz;giresun
tirebolu;giresun
şebinkarahisar;giresun
keşap;giresun
görele;giresun
merkez;giresun
eynesil;giresun
espiye;giresun
dereli;giresun
bulancak;giresun
alucra;giresun
kürtün;gümüşhane
köse;gümüşhane
torul;gümüşhane
şiran;gümüşhane
kelkit;gümüşhane
merkez;gümüşhane
hakkâri yüksekova selahaddin eyyubi havalimanı;hakkari
yüksekova;hakkari
şemdinli;hakkari
merkez;hakkari
çukurca;hakkari
hatay havalimanı;hatay
payas;hatay
defne;hatay
arsuz;hatay
antakya;hatay
kumlu;hatay
belen;hatay
erzin;hatay
yayladağı;hatay
samandağ;hatay
reyhanlı;hatay
kırıkhan;hatay
iskenderun;hatay
merkez;hatay
hassa;hatay
dörtyol;hatay
altınözü;hatay
ısparta süleyman demirel havalimanı;ısparta
yenişarbademli;ısparta
gönen;ısparta
aksu;ısparta
yalvaç;ısparta
uluborlu;ısparta
şarkikaraağaç;ısparta
sütçüler;ısparta
senirkent;ısparta
keçiborlu;ısparta
merkez;ısparta
gelendost;ısparta
eğirdir;ısparta
atabey;ısparta
yenişehir;mersin
toroslar;mersin
mezitli;mersin
akdeniz;mersin
çamlıyayla;mersin
bozyazı;mersin
aydıncık;mersin
tarsus;mersin
silifke;mersin
mut;mersin
merkez;mersin
gülnar;mersin
erdemli;mersin
anamur;mersin
istanbul havalimanı;istanbul
atatürk havalimanı;istanbul
sabiha gökçen havalimanı;istanbul
sultangazi;istanbul
sancaktepe;istanbul
esenyurt;istanbul
çekmeköy;istanbul
beylikdüzü;istanbul
başakşehir;istanbul
ataşehir;istanbul
arnavutköy;istanbul
esenler;istanbul
tuzla;istanbul
sultanbeyli;istanbul
maltepe;istanbul
güngören;istanbul
bahçelievler;istanbul
bağcılar;istanbul
avcılar;istanbul
bayrampaşa;istanbul
ümraniye;istanbul
pendik;istanbul
küçükçekmece;istanbul
kağıthane;istanbul
büyükçekmece;istanbul
zeytinburnu;istanbul
üsküdar;istanbul
şişli;istanbul
şile;istanbul
silivri;istanbul
sarıyer;istanbul
kartal;istanbul
kadıköy;istanbul
gaziosmanpaşa;istanbul
fatih;istanbul
eyüpsultan;istanbul
eminönü;istanbul
çatalca;istanbul
beyoğlu;istanbul
beykoz;istanbul
beşiktaş;istanbul
bakırköy;istanbul
adalar;istanbul
adnan menderes havalimanı;izmir
karabağlar;izmir
bayraklı;izmir
güzelbahçe;izmir
narlıdere;izmir
gaziemir;izmir
çiğli;izmir
balçova;izmir
menderes;izmir
konak;izmir
buca;izmir
beydağ;izmir
urla;izmir
torbalı;izmir
tire;izmir
selçuk;izmir
seferihisar;izmir
ödemiş;izmir
menemen;izmir
kiraz;izmir
kınık;izmir
kemalpaşa;izmir
karşıyaka;izmir
karaburun;izmir
foça;izmir
dikili;izmir
çeşme;izmir
bornova;izmir
bergama;izmir
bayındır;izmir
aliağa;izmir
kars harakani havalimanı;kars
akyaka;kars
susuz;kars
selim;kars
sarıkamış;kars
merkez;kars
kağızman;kars
digor;kars
arpaçay;kars
kastamonu havalimanı;kastamonu
seydiler;kastamonu
hanönü;kastamonu
doğanyurt;kastamonu
ağlı;kastamonu
şenpazar;kastamonu
pınarbaşı;kastamonu
ihsangazi;kastamonu
tosya;kastamonu
taşköprü;kastamonu
küre;kastamonu
merkez;kastamonu
inebolu;kastamonu
devrekani;kastamonu
daday;kastamonu
çatalzeytin;kastamonu
cide;kastamonu
bozkurt;kastamonu
azdavay;kastamonu
araç;kastamonu
abana;kastamonu
erkilet havalimanı;kayseri
özvatan;kayseri
hacılar;kayseri
melikgazi;kayseri
kocasinan;kayseri
talas;kayseri
akkışla;kayseri
yeşilhisar;kayseri
yahyalı;kayseri
tomarza;kayseri
sarız;kayseri
sarıoğlan;kayseri
pınarbaşı;kayseri
incesu;kayseri
felahiye;kayseri
develi;kayseri
bünyan;kayseri
vize;kırklareli
pınarhisar;kırklareli
pehlivanköy;kırklareli
lüleburgaz;kırklareli
kofçaz;kırklareli
merkez;kırklareli
demirköy;kırklareli
babaeski;kırklareli
boztepe;kırşehir
akçakent;kırşehir
akpınar;kırşehir
mucur;kırşehir
merkez;kırşehir
kaman;kırşehir
çiçekdağı;kırşehir
cengiz topel havalimanı;kocaeli
kartepe;kocaeli
izmit;kocaeli
dilovası;kocaeli
darıca;kocaeli
çayırova;kocaeli
başiskele;kocaeli
derince;kocaeli
körfez;kocaeli
merkez;kocaeli
karamürsel;kocaeli
kandıra;kocaeli
gölcük;kocaeli
gebze;kocaeli
konya havalimanı;konya
yalıhüyük;konya
tuzlukçu;konya
halkapınar;konya
güneysınır;konya
emirgazi;konya
derbent;konya
çeltik;konya
ahırlı;konya
taşkent;konya
selçuklu;konya
meram;konya
karatay;konya
hüyük;konya
derebucak;konya
altınekin;konya
akören;konya
yunak;konya
seydişehir;konya
sarayönü;konya
kulu;konya
karapınar;konya
kadınhanı;konya
ılgın;konya
hadim;konya
ereğli;konya
doğanhisar;konya
çumra;konya
cihanbeyli;konya
bozkır;konya
beyşehir;konya
akşehir;konya
zafer havalimanı;kütahya
pazarlar;kütahya
çavdarhisar;kütahya
şaphane;kütahya
hisarcık;kütahya
dumlupınar;kütahya
aslanapa;kütahya
tavşanlı;kütahya
simav;kütahya
merkez;kütahya
gediz;kütahya
emet;kütahya
domaniç;kütahya
altıntaş;kütahya
erhaç havalimanı;malatya
yazıhan;malatya
kuluncak;malatya
kale;malatya
doğanyol;malatya
battalgazi;malatya
yeşilyurt;malatya
pütürge;malatya
merkez;malatya
hekimhan;malatya
doğanşehir;malatya
darende;malatya
arguvan;malatya
arapgir;malatya
akçadağ;malatya
yunusemre;manisa
şehzadeler;manisa
köprübaşı;manisa
gölmarmara;manisa
ahmetli;manisa
turgutlu;manisa
soma;manisa
selendi;manisa
saruhanlı;manisa
sarıgöl;manisa
salihli;manisa
merkez;manisa
kula;manisa
kırkağaç;manisa
gördes;manisa
demirci;manisa
alaşehir;manisa
akhisar;manisa
kahramanmaraş havalimanı;kahramanmaraş
onikişubat;kahramanmaraş
dulkadiroğlu;kahramanmaraş
nurhak;kahramanmaraş
ekinözü;kahramanmaraş
çağlayancerit;kahramanmaraş
türkoğlu;kahramanmaraş
pazarcık;kahramanmaraş
merkez;kahramanmaraş
göksun;kahramanmaraş
elbistan;kahramanmaraş
andırın;kahramanmaraş
afşin;kahramanmaraş
mardin havalimanı;mardin
artuklu;mardin
yeşilli;mardin
dargeçit;mardin
savur;mardin
ömerli;mardin
nusaybin;mardin
midyat;mardin
mazıdağı;mardin
merkez;mardin
kızıltepe;mardin
derik;mardin
milas-bodrum havalimanı;muğla
dalaman havalimanı;muğla
seydikemer;muğla
menteşe;muğla
kavaklıdere;muğla
ortaca;muğla
dalaman;muğla
yatağan;muğla
ula;muğla
merkez;muğla
milas;muğla
marmaris;muğla
köyceğiz;muğla
fethiye;muğla
datça;muğla
bodrum;muğla
muş havalimanı;muş
korkut;muş
hasköy;muş
varto;muş
merkez;muş
malazgirt;muş
bulanık;muş
nevşehir kapadokya havalimanı;nevşehir
acıgöl;nevşehir
ürgüp;nevşehir
merkez;nevşehir
kozaklı;nevşehir
hacıbektaş;nevşehir
gülşehir;nevşehir
derinkuyu;nevşehir
avanos;nevşehir
çiftlik;niğde
altunhisar;niğde
ulukışla;niğde
merkez;niğde
çamardı;niğde
bor;niğde
ordu-giresun havalimanı;ordu
altınordu;ordu
kabataş;ordu
kabadüz;ordu
ikizce;ordu
çaybaşı;ordu
çatalpınar;ordu
çamaş;ordu
gürgentepe;ordu
gülyalı;ordu
ünye;ordu
ulubey;ordu
perşembe;ordu
merkez;ordu
mesudiye;ordu
kumru;ordu
korgan;ordu
gölköy;ordu
fatsa;ordu
aybastı;ordu
akkuş;ordu
iyidere;rize
hemşin;rize
derepazarı;rize
güneysu;rize
merkez;rize
pazar;rize
kalkandere;rize
ikizdere;rize
fındıklı;rize
çayeli;rize
çamlıhemşin;rize
ardeşen;rize
serdivan;sakarya
erenler;sakarya
arifiye;sakarya
adapazarı;sakarya
söğütlü;sakarya
karapürçek;sakarya
ferizli;sakarya
taraklı;sakarya
pamukova;sakarya
kocaali;sakarya
sapanca;sakarya
merkez;sakarya
kaynarca;sakarya
karasu;sakarya
hendek;sakarya
geyve;sakarya
akyazı;sakarya
samsun çarşamba havalimanı;samsun
ilkadım;samsun
canik;samsun
atakum;samsun
yakakent;samsun
ayvacık;samsun
tekkeköy;samsun
salıpazarı;samsun
45431;samsun
asarcık;samsun
vezirköprü;samsun
terme;samsun
merkez;samsun
ladik;samsun
kavak;samsun
havza;samsun
çarşamba;samsun
bafra;samsun
alaçam;samsun
siirt havalimanı;siirt
tillo;siirt
şirvan;siirt
merkez;siirt
pervari;siirt
kurtalan;siirt
eruh;siirt
baykan;siirt
sinop havalimanı;sinop
saraydüzü;sinop
dikmen;sinop
türkeli;sinop
merkez;sinop
gerze;sinop
erfelek;sinop
durağan;sinop
boyabat;sinop
ayancık;sinop
sivas nuri demirağ havalimanı;sivas
ulaş;sivas
gölova;sivas
doğanşar;sivas
altınyayla;sivas
akıncılar;sivas
zara;sivas
yıldızeli;sivas
şarkışla;sivas
suşehri;sivas
merkez;sivas
koyulhisar;sivas
kangal;sivas
imranlı;sivas
hafik;sivas
gürün;sivas
gemerek;sivas
divriği;sivas
tekirdağ çorlu havalimanı;tekirdağ
süleymanpaşa;tekirdağ
kapaklı;tekirdağ
ergene;tekirdağ
marmaraereğlisi;tekirdağ
merkez;tekirdağ
şarköy;tekirdağ
saray;tekirdağ
muratlı;tekirdağ
malkara;tekirdağ
hayrabolu;tekirdağ
çorlu;tekirdağ
çerkezköy;tekirdağ
tokat havalimanı;tokat
sulusaray;tokat
başçiftlik;tokat
yeşilyurt;tokat
pazar;tokat
zile;tokat
turhal;tokat
merkez;tokat
reşadiye;tokat
niksar;tokat
erbaa;tokat
artova;tokat
almus;tokat
trabzon havalimanı;trabzon
ortahisar;trabzon
köprübaşı;trabzon
hayrat;trabzon
düzköy;trabzon
dernekpazarı;trabzon
çarşıbaşı;trabzon
şalpazarı;trabzon
beşikdüzü;trabzon
yomra;trabzon
vakfıkebir;trabzon
merkez;trabzon
tonya;trabzon
sürmene;trabzon
of;trabzon
maçka;trabzon
çaykara;trabzon
arsin;trabzon
araklı;trabzon
akçaabat;trabzon
merkez;tunceli
pülümür;tunceli
pertek;tunceli
ovacık;tunceli
nazımiye;tunceli
mazgirt;tunceli
hozat;tunceli
çemişgezek;tunceli
şanlıurfa gap havalimanı;şanlıurfa
karaköprü;şanlıurfa
haliliye;şanlıurfa
eyyübiye;şanlıurfa
harran;şanlıurfa
viranşehir;şanlıurfa
merkez;şanlıurfa
suruç;şanlıurfa
siverek;şanlıurfa
hilvan;şanlıurfa
halfeti;şanlıurfa
ceylanpınar;şanlıurfa
bozova;şanlıurfa
birecik;şanlıurfa
akçakale;şanlıurfa
uşak havalimanı;uşak
merkez;uşak
ulubey;uşak
sivaslı;uşak
karahallı;uşak
eşme;uşak
banaz;uşak
ferit melen havalimanı;van
tuşba;van
ipekyolu;van
saray;van
edremit;van
çaldıran;van
bahçesaray;van
merkez;van
özalp;van
muradiye;van
gürpınar;van
gevaş;van
erciş;van
çatak;van
başkale;van
yenifakılı;yozgat
saraykent;yozgat
kadışehri;yozgat
çandır;yozgat
aydıncık;yozgat
merkez;yozgat
yerköy;yozgat
şefaatli;yozgat
sorgun;yozgat
sarıkaya;yozgat
çekerek;yozgat
çayıralan;yozgat
boğazlıyan;yozgat
akdağmadeni;yozgat
zonguldak havalimanı;zonguldak
kozlu;zonguldak
kilimli;zonguldak
gökçebey;zonguldak
alaplı;zonguldak
merkez;zonguldak
ereğli;zonguldak
devrek;zonguldak
çaycuma;zonguldak
sultanhanı;aksaray
gülağaç;aksaray
eskil;aksaray
sarıyahşi;aksaray
güzelyurt;aksaray
ağaçören;aksaray
ortaköy;aksaray
merkez;aksaray
demirözü;bayburt
aydıntepe;bayburt
merkez;bayburt
sarıveliler;karaman
başyayla;karaman
kazımkarabekir;karaman
ayrancı;karaman
merkez;karaman
ermenek;karaman
yahşihan;kırıkkale
karakeçili;kırıkkale
çelebi;kırıkkale
balışeyh;kırıkkale
bahşili;kırıkkale
sulakyurt;kırıkkale
merkez;kırıkkale
keskin;kırıkkale
delice;kırıkkale
batman havalimanı;batman
hasankeyf;batman
sason;batman
kozluk;batman
gercüş;batman
beşiri;batman
merkez;batman
şırnak şerafettin elçi havalimanı;şırnak
güçlükonak;şırnak
uludere;şırnak
merkez;şırnak
silopi;şırnak
idil;şırnak
cizre;şırnak
beytüşşebap;şırnak
amasra;bartın
ulus;bartın
kurucaşile;bartın
merkez;bartın
damal;ardahan
posof;ardahan
hanak;ardahan
göle;ardahan
çıldır;ardahan
merkez;ardahan
ığdır havalimanı;ığdır
karakoyunlu;ığdır
tuzluca;ığdır
merkez;ığdır
aralık;ığdır
termal;yalova
çiftlikköy;yalova
çınarcık;yalova
armutlu;yalova
altınova;yalova
merkez;yalova
yenice;karabük
safranbolu;karabük
ovacık;karabük
merkez;karabük
eskipazar;karabük
eflani;karabük
polateli;kilis
musabeyli;kilis
elbeyli;kilis
merkez;kilis
toprakkale;osmaniye
sumbas;osmaniye
hasanbeyli;osmaniye
düziçi;osmaniye
merkez;osmaniye
kadirli;osmaniye
bahçe;osmaniye
kaynaşlı;düzce
gümüşova;düzce
çilimli;düzce
gölyaka;düzce
cumayeri;düzce
yığılca;düzce
merkez;düzce
akçakoca;düzce
;
;
